料\仿生鱼\opencv\人脸识别训练\1.jpg;0
料\仿生鱼\opencv\人脸识别训练\2.jpg;0
料\仿生鱼\opencv\人脸识别训练\3.jpg;0
料\仿生鱼\opencv\人脸识别训练\4.jpg;0
料\仿生鱼\opencv\人脸识别训练\5.jpg;0
料\仿生鱼\opencv\人脸识别训练\6.jpg;0
料\仿生鱼\opencv\人脸识别训练\1.jpg;1
料\仿生鱼\opencv\人脸识别训练\2.jpg;1
料\仿生鱼\opencv\人脸识别训练\3.jpg;1
料\仿生鱼\opencv\人脸识别训练\4.jpg;1
料\仿生鱼\opencv\人脸识别训练\5.jpg;1
料\仿生鱼\opencv\人脸识别训练\6.jpg;1
料\仿生鱼\opencv\人脸识别训练\1.jpg;2
料\仿生鱼\opencv\人脸识别训练\2.jpg;2
料\仿生鱼\opencv\人脸识别训练\3.jpg;2
料\仿生鱼\opencv\人脸识别训练\4.jpg;2
料\仿生鱼\opencv\人脸识别训练\5.jpg;2
料\仿生鱼\opencv\人脸识别训练\6.jpg;2
料\仿生鱼\opencv\人脸识别训练\1.jpg;3
料\仿生鱼\opencv\人脸识别训练\2.jpg;3
料\仿生鱼\opencv\人脸识别训练\3.jpg;3
料\仿生鱼\opencv\人脸识别训练\4.jpg;3
料\仿生鱼\opencv\人脸识别训练\5.jpg;3
料\仿生鱼\opencv\人脸识别训练\6.jpg;3
料\仿生鱼\opencv\人脸识别训练\1.jpg;4
料\仿生鱼\opencv\人脸识别训练\2.jpg;4
料\仿生鱼\opencv\人脸识别训练\3.jpg;4
料\仿生鱼\opencv\人脸识别训练\4.jpg;4
料\仿生鱼\opencv\人脸识别训练\5.jpg;4
料\仿生鱼\opencv\人脸识别训练\6.jpg;4
料\仿生鱼\opencv\人脸识别训练\1.jpg;5
料\仿生鱼\opencv\人脸识别训练\2.jpg;5
料\仿生鱼\opencv\人脸识别训练\3.jpg;5
料\仿生鱼\opencv\人脸识别训练\4.jpg;5
料\仿生鱼\opencv\人脸识别训练\5.jpg;5
料\仿生鱼\opencv\人脸识别训练\6.jpg;5
料\仿生鱼\opencv\人脸识别训练\1.jpg;0
料\仿生鱼\opencv\人脸识别训练\2.jpg;0
料\仿生鱼\opencv\人脸识别训练\3.jpg;0
料\仿生鱼\opencv\人脸识别训练\4.jpg;0
料\仿生鱼\opencv\人脸识别训练\5.jpg;0
料\仿生鱼\opencv\人脸识别训练\6.jpg;0
料\仿生鱼\opencv\人脸识别训练\1.jpg;1
料\仿生鱼\opencv\人脸识别训练\2.jpg;1
料\仿生鱼\opencv\人脸识别训练\3.jpg;1
料\仿生鱼\opencv\人脸识别训练\4.jpg;1
料\仿生鱼\opencv\人脸识别训练\5.jpg;1
料\仿生鱼\opencv\人脸识别训练\6.jpg;1
料\仿生鱼\opencv\人脸识别训练\1.jpg;2
料\仿生鱼\opencv\人脸识别训练\2.jpg;2
料\仿生鱼\opencv\人脸识别训练\3.jpg;2
料\仿生鱼\opencv\人脸识别训练\4.jpg;2
料\仿生鱼\opencv\人脸识别训练\5.jpg;2
料\仿生鱼\opencv\人脸识别训练\6.jpg;2
料\仿生鱼\opencv\人脸识别训练\1.jpg;3
料\仿生鱼\opencv\人脸识别训练\2.jpg;3
料\仿生鱼\opencv\人脸识别训练\3.jpg;3
料\仿生鱼\opencv\人脸识别训练\4.jpg;3
料\仿生鱼\opencv\人脸识别训练\5.jpg;3
料\仿生鱼\opencv\人脸识别训练\6.jpg;3
料\仿生鱼\opencv\人脸识别训练\1.jpg;4
料\仿生鱼\opencv\人脸识别训练\2.jpg;4
料\仿生鱼\opencv\人脸识别训练\3.jpg;4
料\仿生鱼\opencv\人脸识别训练\4.jpg;4
料\仿生鱼\opencv\人脸识别训练\5.jpg;4
料\仿生鱼\opencv\人脸识别训练\6.jpg;4
料\仿生鱼\opencv\人脸识别训练\1.jpg;5
料\仿生鱼\opencv\人脸识别训练\2.jpg;5
料\仿生鱼\opencv\人脸识别训练\3.jpg;5
料\仿生鱼\opencv\人脸识别训练\4.jpg;5
料\仿生鱼\opencv\人脸识别训练\5.jpg;5
料\仿生鱼\opencv\人脸识别训练\6.jpg;5
